image,claude_party,claude_amount,claude_date,gemini_party,gemini_amount,gemini_date
"WhatsApp Image 2026-05-28 at 15.28.07 (1).jpeg","ERROR: Your credit balance is too low to access the Anthropic API. Please go to Plans & Billing to upgrade or purchase credits.","null","null","ERROR: You exceeded your current quota, please check your plan and billing details. For more information on this error, head to: https://ai.google.dev/gemini-api/docs/rate-limits. To monitor your current usage, head to: https://ai.dev/rate-limit. 
* Quota exceeded for metric: generativelanguage.googleapis.com/generate_content_free_tier_requests, limit: 0, model: gemini-2.0-flash
* Quota exceeded for metric: generativelanguage.googleapis.com/generate_content_free_tier_requests, limit: 0, model: gemini-2.0-flash
* Quota exceeded for metric: generativelanguage.googleapis.com/generate_content_free_tier_input_token_count, limit: 0, model: gemini-2.0-flash
Please retry in 36.637847951s.","null","null"
"WhatsApp Image 2026-05-28 at 15.28.07.jpeg","ERROR: Your credit balance is too low to access the Anthropic API. Please go to Plans & Billing to upgrade or purchase credits.","null","null","ERROR: You exceeded your current quota, please check your plan and billing details. For more information on this error, head to: https://ai.google.dev/gemini-api/docs/rate-limits. To monitor your current usage, head to: https://ai.dev/rate-limit. 
* Quota exceeded for metric: generativelanguage.googleapis.com/generate_content_free_tier_input_token_count, limit: 0, model: gemini-2.0-flash
* Quota exceeded for metric: generativelanguage.googleapis.com/generate_content_free_tier_requests, limit: 0, model: gemini-2.0-flash
* Quota exceeded for metric: generativelanguage.googleapis.com/generate_content_free_tier_requests, limit: 0, model: gemini-2.0-flash
Please retry in 30.813013973s.","null","null"
"WhatsApp Image 2026-05-28 at 15.28.08 (1).jpeg","ERROR: Your credit balance is too low to access the Anthropic API. Please go to Plans & Billing to upgrade or purchase credits.","null","null","ERROR: You exceeded your current quota, please check your plan and billing details. For more information on this error, head to: https://ai.google.dev/gemini-api/docs/rate-limits. To monitor your current usage, head to: https://ai.dev/rate-limit. 
* Quota exceeded for metric: generativelanguage.googleapis.com/generate_content_free_tier_requests, limit: 0, model: gemini-2.0-flash
* Quota exceeded for metric: generativelanguage.googleapis.com/generate_content_free_tier_requests, limit: 0, model: gemini-2.0-flash
* Quota exceeded for metric: generativelanguage.googleapis.com/generate_content_free_tier_input_token_count, limit: 0, model: gemini-2.0-flash
Please retry in 24.720680847s.","null","null"
"WhatsApp Image 2026-05-28 at 15.28.08.jpeg","ERROR: Your credit balance is too low to access the Anthropic API. Please go to Plans & Billing to upgrade or purchase credits.","null","null","ERROR: You exceeded your current quota, please check your plan and billing details. For more information on this error, head to: https://ai.google.dev/gemini-api/docs/rate-limits. To monitor your current usage, head to: https://ai.dev/rate-limit. 
* Quota exceeded for metric: generativelanguage.googleapis.com/generate_content_free_tier_requests, limit: 0, model: gemini-2.0-flash
* Quota exceeded for metric: generativelanguage.googleapis.com/generate_content_free_tier_requests, limit: 0, model: gemini-2.0-flash
* Quota exceeded for metric: generativelanguage.googleapis.com/generate_content_free_tier_input_token_count, limit: 0, model: gemini-2.0-flash
Please retry in 18.949113122s.","null","null"
"WhatsApp Image 2026-05-28 at 15.28.23.jpeg","ERROR: Your credit balance is too low to access the Anthropic API. Please go to Plans & Billing to upgrade or purchase credits.","null","null","ERROR: You exceeded your current quota, please check your plan and billing details. For more information on this error, head to: https://ai.google.dev/gemini-api/docs/rate-limits. To monitor your current usage, head to: https://ai.dev/rate-limit. 
* Quota exceeded for metric: generativelanguage.googleapis.com/generate_content_free_tier_requests, limit: 0, model: gemini-2.0-flash
* Quota exceeded for metric: generativelanguage.googleapis.com/generate_content_free_tier_requests, limit: 0, model: gemini-2.0-flash
* Quota exceeded for metric: generativelanguage.googleapis.com/generate_content_free_tier_input_token_count, limit: 0, model: gemini-2.0-flash
Please retry in 13.135544414s.","null","null"